minReplicas,maxReplicas,cpuThreshold,memoryThreshold,stabilizationWindowSeconds,cpuRequest,memoryRequest,AVG_CPU,AVG_LATENCY,AVG_MEMORY,AVG_REPLICAS,AVG_RESPONSE_TIME,CPU_EFFICIENCY,ERROR_RATE,MEMORY_EFFICIENCY,P25,P50,P95,REPLICA_VARIANCE,SLA_PERCENTAGE,raw_CPU_EFFICIENCY_LOSS,raw_MEMORY_EFFICIENCY_LOSS,raw_PROVISIONED_CPU,raw_PROVISIONED_MEMORY,raw_REPLICA_VARIANCE,raw_SLA_VIOLATION,penalized_CPU_EFFICIENCY_LOSS,penalized_MEMORY_EFFICIENCY_LOSS,penalized_PROVISIONED_CPU,penalized_PROVISIONED_MEMORY,penalized_REPLICA_VARIANCE,penalized_SLA_VIOLATION
5,6,0.6,0.6,20,500,640,0.7065649132061843,7354.669642857143,23523796.114285715,5.285714285714286,7354.7172619047615,0.26734888607801566,0,0.03505318777901786,1632,6636,17418,0.20408163265306123,0.875,0.7326511139219843,0.9649468122209821,2.642857142857143,3.3035714285714284,0.20408163265306123,0.125,5.367776547311244,17.080616207617037,34.9734693877551,49.9250637755102,0.20824656393169516,0.125
5,6,0.6,0.6,20,100,576,0.151546330256774,46266.857142857145,23340191.288888887,5,46266.95714285714,0.303092660513548,0.5714285714285714,0.03864399474344136,31943,59441,59441,0,0.12857142857142856,0.696907339486452,0.9613560052565586,0.5,2.8125,0,0.8714285714285714,4.856798398300849,16.886889525910647,1.3000000000000003,35.64453125,0,5.379591836734695
5,6,0.5,0.6,20,500,640,0.6664454592394827,7447.493902439024,23491964.342857145,5,7447.536585365854,0.26657818369579317,0,0.03500575474330357,1819,6945,18051,0,0.8780487804878049,0.7334218163042068,0.9649942452566964,2.5,3.125,0,0.12195121951219512,5.379075606309617,17.08318924622618,31.299999999999997,44.453125,0,0.12195121951219512
