minReplicas,maxReplicas,cpuThreshold,memoryThreshold,stabilizationWindowSeconds,cpuRequest,memoryRequest,AVG_CPU,AVG_LATENCY,AVG_MEMORY,AVG_REPLICAS,AVG_RESPONSE_TIME,CPU_EFFICIENCY,ERROR_RATE,MEMORY_EFFICIENCY,P25,P50,P95,REPLICA_VARIANCE,SLA_PERCENTAGE,raw_CPU_EFFICIENCY_LOSS,raw_MEMORY_EFFICIENCY_LOSS,raw_PROVISIONED_CPU,raw_PROVISIONED_MEMORY,raw_REPLICA_VARIANCE,raw_SLA_VIOLATION,penalized_CPU_EFFICIENCY_LOSS,penalized_MEMORY_EFFICIENCY_LOSS,penalized_PROVISIONED_CPU,penalized_PROVISIONED_MEMORY,penalized_REPLICA_VARIANCE,penalized_SLA_VIOLATION
2,5,0.6,0.6,10,500,896,0.324647082505978,16698.78527607362,29042688,2,16698.85889570552,0.324647082505978,0.006134969325153374,0.030912126813616072,1534,20103,30850,0,0.3558282208588957,0.675352917494022,0.9690878731863839,1,1.75,0,0.6441717791411044,4.561015631676874,17.306636045634217,5.050000000000001,13,0,2.617057472994844
5,6,0.6,0.6,10,500,640,0.6696232153344984,8120.335483870967,25379752.228571426,5,8120.377419354839,0.2678492861337994,0,0.03781877790178571,1760,9037,16742,0,0.867741935483871,0.7321507138662007,0.9621812220982143,2.5,3.125,0,0.13225806451612898,5.360446678147872,16.931226071607497,31.299999999999997,44.453125,0,0.13225806451612898
5,6,0.6,0.6,20,100,576,0.151546330256774,46266.857142857145,23340191.288888887,5,46266.95714285714,0.303092660513548,0.5714285714285714,0.03864399474344136,31943,59441,59441,0,0.12857142857142856,0.696907339486452,0.9613560052565586,0.5,2.8125,0,0.8714285714285714,4.856798398300849,16.886889525910647,1.3000000000000003,35.64453125,0,5.379591836734695
